delta_L,delta_a,delta_b,brown_adjustment,yellow_adjustment,cyan_adjustment,magenta_adjustment,data_source
4.602,0.316,0.998,3.287,-0.733,4.303,2.368,Synthetic calibration data — for prototype demonstration only.
-3.096,1.058,-1.745,-4.87,5.707,3.134,3.433,Synthetic calibration data — for prototype demonstration only.
-2.899,-4.078,3.904,-4.463,-0.595,-1.55,5.121,Synthetic calibration data — for prototype demonstration only.
0.177,2.334,-5.758,1.726,3.873,-0.679,-3.273,Synthetic calibration data — for prototype demonstration only.
2.752,0.873,6.514,0.655,-5.234,3.932,1.58,Synthetic calibration data — for prototype demonstration only.
5.6,-0.601,3.034,3.097,-1.746,5.648,4.717,Synthetic calibration data — for prototype demonstration only.
1.875,3.017,0.071,3.341,-3.664,-0.399,-5.474,Synthetic calibration data — for prototype demonstration only.
-1.681,-1.193,2.436,-4.149,2.197,2.937,5.61,Synthetic calibration data — for prototype demonstration only.
-2.347,2.727,1.284,-2.09,-1.554,-0.365,-3.726,Synthetic calibration data — for prototype demonstration only.
-4.189,-2.837,2.054,-4.441,-0.292,-3.277,2.038,Synthetic calibration data — for prototype demonstration only.
-0.973,4.19,-3.758,-0.754,3.992,2.403,-2.252,Synthetic calibration data — for prototype demonstration only.
1.65,0.558,-6.46,3.987,3.657,-1.35,-2.54,Synthetic calibration data — for prototype demonstration only.
-0.104,1.329,0.616,2.19,-4.323,-3.601,-5.912,Synthetic calibration data — for prototype demonstration only.
3.863,-1.929,-1.697,3.443,1.978,2.462,3.369,Synthetic calibration data — for prototype demonstration only.
-2.989,0.927,-3.163,-0.493,0.825,-4.322,-4.626,Synthetic calibration data — for prototype demonstration only.
2.366,-2.602,0.542,2.021,-0.347,0.783,3.18,Synthetic calibration data — for prototype demonstration only.
0.843,2.128,-1.933,1.617,0.643,0.71,-2.353,Synthetic calibration data — for prototype demonstration only.
-5.49,-0.146,1.965,-5.63,-0.759,-3.425,-1.098,Synthetic calibration data — for prototype demonstration only.
1.627,-3.238,-0.944,4.241,-3.193,-5.3,-2.623,Synthetic calibration data — for prototype demonstration only.
-1.439,-1.789,0.382,-2.477,1.943,0.684,3.407,Synthetic calibration data — for prototype demonstration only.
1.942,5.466,-0.332,1.972,-1.123,3.768,-3.996,Synthetic calibration data — for prototype demonstration only.
-3.351,3.34,7.984,-5.727,-4.919,2.668,-0.457,Synthetic calibration data — for prototype demonstration only.
-4.146,-3.883,1.573,-4.065,0.013,-4.172,2.356,Synthetic calibration data — for prototype demonstration only.
-1.054,-3.178,1.479,-0.646,-1.428,-2.382,1.563,Synthetic calibration data — for prototype demonstration only.
-0.619,-7.789,5.979,-1.658,-4.948,-4.584,5.543,Synthetic calibration data — for prototype demonstration only.
4.016,-7.141,-3.583,4.903,2.396,-2.81,5.63,Synthetic calibration data — for prototype demonstration only.
1.554,1.458,-5.178,3.345,2.603,-0.608,-2.733,Synthetic calibration data — for prototype demonstration only.
-5.319,4.027,-3.599,-4.843,4.831,-0.531,-3.572,Synthetic calibration data — for prototype demonstration only.
-2.35,-5.605,0.311,-2.329,0.951,-3.879,4.279,Synthetic calibration data — for prototype demonstration only.
2.189,-2.155,-3.663,3.102,2.634,-0.815,1.528,Synthetic calibration data — for prototype demonstration only.
-1.15,-2.669,-3.858,1.009,1.798,-4.987,-1.01,Synthetic calibration data — for prototype demonstration only.
-5.744,3.474,1.144,-5.501,-0.072,-2.042,-4.266,Synthetic calibration data — for prototype demonstration only.
-4.187,-5.622,1.8,-4.759,1.052,-3.953,5.101,Synthetic calibration data — for prototype demonstration only.
0.359,4.838,-0.198,0.973,-1.838,1.091,-5.726,Synthetic calibration data — for prototype demonstration only.
4.532,4.86,-2.99,5.503,-0.212,3.393,-5.007,Synthetic calibration data — for prototype demonstration only.
1.65,3.167,1.659,-0.16,-0.112,5.254,0.861,Synthetic calibration data — for prototype demonstration only.
-0.668,-2.101,2.18,-0.318,-2.796,-2.021,0.248,Synthetic calibration data — for prototype demonstration only.
2.203,-1.476,8.01,-0.733,-5.741,3.916,4.754,Synthetic calibration data — for prototype demonstration only.
-4.652,-3.913,0.706,-4.317,0.648,-4.697,2.067,Synthetic calibration data — for prototype demonstration only.
-0.727,0.275,1.014,-2.625,1.913,2.724,3.224,Synthetic calibration data — for prototype demonstration only.
-6.665,3.786,-5.05,-4.707,4.992,-3.237,-5.551,Synthetic calibration data — for prototype demonstration only.
2.774,-0.645,3.28,0.658,-1.549,3.957,3.699,Synthetic calibration data — for prototype demonstration only.
-3.592,-0.777,-4.634,-2.194,5.435,-2.509,0.181,Synthetic calibration data — for prototype demonstration only.
-5.469,3.079,-6.43,-2.928,5.233,-4.025,-5.461,Synthetic calibration data — for prototype demonstration only.
0.53,1.684,-3.208,-0.779,5.909,4.7,2.983,Synthetic calibration data — for prototype demonstration only.
2.652,1.241,-7.074,4.69,4.721,0.226,-2.209,Synthetic calibration data — for prototype demonstration only.
1.099,2.209,-5.028,3.264,1.94,-1.516,-4.866,Synthetic calibration data — for prototype demonstration only.
3.642,5.245,1.639,2.961,-2.85,5.242,-3.108,Synthetic calibration data — for prototype demonstration only.
-6.072,2.027,-3.951,-4.527,3.973,-4.161,-3.849,Synthetic calibration data — for prototype demonstration only.
-1.597,-0.66,-6.215,1.193,4.495,-3.643,-2.276,Synthetic calibration data — for prototype demonstration only.
1.045,3.196,-8.005,3.329,5.662,0.009,-4.273,Synthetic calibration data — for prototype demonstration only.
-5.006,-3.482,5.38,-5.833,-3.244,-4.418,2.132,Synthetic calibration data — for prototype demonstration only.
-2.52,2.049,2.981,-4.538,0.076,2.331,0.973,Synthetic calibration data — for prototype demonstration only.
-2.127,0.691,-0.083,-3.603,3.649,2.585,2.868,Synthetic calibration data — for prototype demonstration only.
-1.539,5.351,7.214,-4.427,-4.515,5.131,-1.229,Synthetic calibration data — for prototype demonstration only.
-0.299,-2.421,3.549,-2.389,-0.137,1.954,5.467,Synthetic calibration data — for prototype demonstration only.
-4.31,-3.627,-4.949,-2.563,5.098,-5.702,0.662,Synthetic calibration data — for prototype demonstration only.
0.774,-3.152,2.129,1.608,-4.729,-4.316,-0.971,Synthetic calibration data — for prototype demonstration only.
6.876,-0.466,-1.228,5.595,1.153,5.196,3.652,Synthetic calibration data — for prototype demonstration only.
-3.555,0.304,-6.005,-0.391,3.417,-5.786,-4.69,Synthetic calibration data — for prototype demonstration only.
1.912,-3.092,-5.817,3.953,3.562,-3.208,0.369,Synthetic calibration data — for prototype demonstration only.
0.539,1.802,-4.613,1.272,4.413,1.237,-1.049,Synthetic calibration data — for prototype demonstration only.
0.225,-2.206,3.395,-1.51,-0.889,1.823,4.41,Synthetic calibration data — for prototype demonstration only.
-0.252,-4.666,3.28,-0.553,-3.026,-3.16,2.952,Synthetic calibration data — for prototype demonstration only.
2.368,-5.853,1.823,3.799,-4.737,-5.201,1.133,Synthetic calibration data — for prototype demonstration only.
-5.592,3.23,-3.338,-4.246,3.896,-2.276,-4.274,Synthetic calibration data — for prototype demonstration only.
2.777,-0.072,-0.605,5.052,-4.014,-2.583,-4.157,Synthetic calibration data — for prototype demonstration only.
-5.227,-0.097,4.717,-4.614,-5.746,-5.335,-3.904,Synthetic calibration data — for prototype demonstration only.
-3.998,3.931,1.217,-5.359,1.094,2.169,-1.276,Synthetic calibration data — for prototype demonstration only.
0.563,0.546,3.544,-2.184,0.054,4.5,4.214,Synthetic calibration data — for prototype demonstration only.
-5.305,1.189,4.603,-5.478,-3.822,-3.159,-3.007,Synthetic calibration data — for prototype demonstration only.
-0.839,-2.717,-1.379,0.855,-1.005,-5.409,-1.517,Synthetic calibration data — for prototype demonstration only.
1.1,6.619,3.529,0.285,-4.78,4.002,-5.376,Synthetic calibration data — for prototype demonstration only.
7.074,-2.394,4.852,5.098,-4.811,4.123,4.832,Synthetic calibration data — for prototype demonstration only.
5.629,-0.069,-4.692,5.755,3.624,3.354,1.71,Synthetic calibration data — for prototype demonstration only.
3.557,-1.231,2.674,3.348,-4.385,0.433,0.171,Synthetic calibration data — for prototype demonstration only.
3.611,-3.217,-1.498,4.291,-0.446,-1.379,1.675,Synthetic calibration data — for prototype demonstration only.
-1.727,0.867,5.053,-2.802,-4.323,-0.265,-0.997,Synthetic calibration data — for prototype demonstration only.
-3.155,1.326,1.945,-3.209,-1.59,-1.603,-2.07,Synthetic calibration data — for prototype demonstration only.
-0.934,-5.384,-0.366,-1.446,2.229,-2.437,5.386,Synthetic calibration data — for prototype demonstration only.
3.373,-2.73,-2.348,4.996,-0.229,-2.06,0.425,Synthetic calibration data — for prototype demonstration only.
4.353,1.139,-2.714,4.183,1.831,3.653,0.393,Synthetic calibration data — for prototype demonstration only.
1.974,4.22,1.044,1.595,-2.542,2.819,-3.571,Synthetic calibration data — for prototype demonstration only.
0.327,-4.421,-5.644,2.338,4.329,-4.415,1.373,Synthetic calibration data — for prototype demonstration only.
-4.756,-6.159,0.113,-4.859,2.709,-4.986,5.231,Synthetic calibration data — for prototype demonstration only.
-3.133,3.118,-2.063,-4.351,5.507,3.611,1.124,Synthetic calibration data — for prototype demonstration only.
3.32,5.421,-4.69,3.391,3.541,5.352,-2.959,Synthetic calibration data — for prototype demonstration only.
1.346,3.285,3.236,1.081,-4.859,1.394,-3.945,Synthetic calibration data — for prototype demonstration only.
0.146,-0.713,-1.198,0.779,0.869,-0.408,0.272,Synthetic calibration data — for prototype demonstration only.
2.345,-1.57,-4.253,3.167,3.591,-0.094,1.195,Synthetic calibration data — for prototype demonstration only.
2.354,-1.111,-0.396,5.175,-4.563,-4.595,-4.947,Synthetic calibration data — for prototype demonstration only.
3.092,0.006,1.492,1.894,-0.977,3.292,2.055,Synthetic calibration data — for prototype demonstration only.
-1.717,5.605,-3.804,-1.996,4.78,3.15,-2.754,Synthetic calibration data — for prototype demonstration only.
-3.054,0.703,0.406,-1.63,-2.227,-4.109,-4.227,Synthetic calibration data — for prototype demonstration only.
4.421,-4.567,-0.999,5.234,-0.745,-1.4,2.756,Synthetic calibration data — for prototype demonstration only.
0.864,2.868,-4.524,0.636,5.234,3.364,-0.248,Synthetic calibration data — for prototype demonstration only.
-0.096,-1.635,-2.514,-1.484,5.84,2.613,5.414,Synthetic calibration data — for prototype demonstration only.
-4.721,6.201,-3.029,-4.578,4.206,1.645,-4.537,Synthetic calibration data — for prototype demonstration only.
-1.136,-3.723,-3.98,1.059,2.233,-5.852,-0.548,Synthetic calibration data — for prototype demonstration only.
3.127,-0.972,0.603,3.905,-2.456,-0.497,-0.692,Synthetic calibration data — for prototype demonstration only.
-2.735,6.913,-4.066,-2.377,5.021,3.376,-4.673,Synthetic calibration data — for prototype demonstration only.
3.996,-6.089,-6.53,5.964,4.55,-2.593,4.043,Synthetic calibration data — for prototype demonstration only.
-3.68,1.588,-2.554,-4.723,5.989,1.988,1.802,Synthetic calibration data — for prototype demonstration only.
-6.897,0.086,-4.766,-4.915,4.764,-5.652,-3.11,Synthetic calibration data — for prototype demonstration only.
-4.078,-5.288,-0.718,-4.284,3.321,-3.622,4.928,Synthetic calibration data — for prototype demonstration only.
-0.504,-0.936,1.305,1.875,-5.566,-5.935,-5.38,Synthetic calibration data — for prototype demonstration only.
0.369,-5.605,-3.432,1.271,3.618,-3.137,4.193,Synthetic calibration data — for prototype demonstration only.
-2.384,2.601,1.296,-5.313,3.612,5.134,3.265,Synthetic calibration data — for prototype demonstration only.
-1.114,-1.134,-7.141,2.377,4.056,-5.518,-3.579,Synthetic calibration data — for prototype demonstration only.
-2.338,1.676,3.245,-4.501,0.054,2.942,1.56,Synthetic calibration data — for prototype demonstration only.
4.284,3.417,1.783,4.214,-4.137,2.815,-3.684,Synthetic calibration data — for prototype demonstration only.
-0.686,3.68,0.708,-2.751,2.519,5.762,1.339,Synthetic calibration data — for prototype demonstration only.
-5.475,-6.092,1.283,-5.346,1.396,-5.492,4.61,Synthetic calibration data — for prototype demonstration only.
0.085,-1.604,0.076,2.515,-3.922,-4.899,-3.798,Synthetic calibration data — for prototype demonstration only.
6.023,-0.468,-0.567,5.76,-0.497,3.409,1.637,Synthetic calibration data — for prototype demonstration only.
2.606,5.085,4.299,0.869,-4.258,5.352,-2.384,Synthetic calibration data — for prototype demonstration only.
2.043,-3.1,-0.536,0.936,2.397,1.791,5.287,Synthetic calibration data — for prototype demonstration only.
-3.964,0.632,1.6,-4.219,0.1,-1.152,-0.31,Synthetic calibration data — for prototype demonstration only.
-4.233,0.687,4.919,-4.569,-4.391,-2.663,-2.344,Synthetic calibration data — for prototype demonstration only.
-1.048,2.372,-0.807,-0.865,1.332,1.616,-1.058,Synthetic calibration data — for prototype demonstration only.
-0.496,2.539,3.307,-1.095,-3.388,1.06,-2.196,Synthetic calibration data — for prototype demonstration only.
-5.23,3.69,2.38,-5.567,-0.979,-0.31,-3.293,Synthetic calibration data — for prototype demonstration only.
1.677,0.162,0.153,0.869,0.789,2.424,1.775,Synthetic calibration data — for prototype demonstration only.
2.784,1.291,2.505,1.829,-2.205,3.449,0.59,Synthetic calibration data — for prototype demonstration only.
-1.616,-0.909,-1.526,-0.823,1.512,-1.672,0.153,Synthetic calibration data — for prototype demonstration only.
3.046,3.12,-4.432,2.84,4.637,5.053,0.044,Synthetic calibration data — for prototype demonstration only.
0.073,-4.688,-3.046,0.243,3.598,-2.227,4.049,Synthetic calibration data — for prototype demonstration only.
-0.28,-7.062,4.289,-0.07,-4.61,-5.135,4.104,Synthetic calibration data — for prototype demonstration only.
-5.257,2.756,3.084,-5.333,-2.633,-1.99,-3.924,Synthetic calibration data — for prototype demonstration only.
-3.221,-5.999,-1.831,-2.233,2.912,-5.824,3.926,Synthetic calibration data — for prototype demonstration only.
2.52,-5.004,-1.27,4.279,-1.533,-4.157,1.21,Synthetic calibration data — for prototype demonstration only.
-0.835,0.226,6.927,-4.564,-1.621,5.501,5.946,Synthetic calibration data — for prototype demonstration only.
4.278,-1.509,1.963,3.265,-2.268,2.252,2.465,Synthetic calibration data — for prototype demonstration only.
-3.677,-0.753,-3.575,-1.346,1.691,-5.871,-3.491,Synthetic calibration data — for prototype demonstration only.
0.208,-6.497,4.068,0.301,-4.035,-4.009,4.036,Synthetic calibration data — for prototype demonstration only.
6.813,-3.163,-0.447,5.87,0.672,4.069,5.884,Synthetic calibration data — for prototype demonstration only.
-4.63,4.273,0.587,-4.301,-0.621,-1.289,-5.039,Synthetic calibration data — for prototype demonstration only.
1.379,2.17,-1.84,3.064,-0.795,-0.368,-4.192,Synthetic calibration data — for prototype demonstration only.
-6.158,0.081,-5.519,-3.829,4.885,-5.464,-3.206,Synthetic calibration data — for prototype demonstration only.
-1.421,1.526,1.585,-2.495,-0.118,1.037,-0.081,Synthetic calibration data — for prototype demonstration only.
-1.819,2.592,6.657,-4.991,-3.076,4.123,1.651,Synthetic calibration data — for prototype demonstration only.
0.987,6.143,-3.153,1.79,2.042,3.155,-5.303,Synthetic calibration data — for prototype demonstration only.
-1.023,-4.286,1.095,-1.601,0.474,-1.939,4.134,Synthetic calibration data — for prototype demonstration only.
0.476,3.511,-1.994,-0.209,3.224,4.224,0.057,Synthetic calibration data — for prototype demonstration only.
4.728,3.508,-2.67,4.915,1.045,4.203,-1.913,Synthetic calibration data — for prototype demonstration only.
-1.719,-2.301,-1.91,-0.014,0.377,-4.74,-1.217,Synthetic calibration data — for prototype demonstration only.
2.137,-2.324,-5.071,5.008,1.57,-3.87,-1.934,Synthetic calibration data — for prototype demonstration only.
-0.707,4.325,8.101,-3.701,-5.702,5.13,-0.622,Synthetic calibration data — for prototype demonstration only.
-4.166,-1.211,-2.276,-2.31,1.182,-5.912,-2.664,Synthetic calibration data — for prototype demonstration only.
3.693,2.529,-0.839,2.436,1.605,5.782,1.444,Synthetic calibration data — for prototype demonstration only.
1.256,1.796,-0.723,-0.27,3.137,4.84,2.648,Synthetic calibration data — for prototype demonstration only.
4.186,5.606,-5.989,5.559,3.384,4.402,-4.631,Synthetic calibration data — for prototype demonstration only.
3.159,-2.09,0.184,2.789,-0.719,0.637,1.849,Synthetic calibration data — for prototype demonstration only.
3.23,-4.946,-7.91,5.638,5.815,-2.541,2.805,Synthetic calibration data — for prototype demonstration only.
0.157,0.233,-2.38,3.0,-1.842,-4.514,-5.509,Synthetic calibration data — for prototype demonstration only.
4.265,3.351,0.067,3.328,-0.124,5.826,-0.42,Synthetic calibration data — for prototype demonstration only.
4.921,5.039,-2.417,5.735,-1.061,3.524,-4.982,Synthetic calibration data — for prototype demonstration only.
2.337,0.768,-1.462,0.666,3.625,5.096,3.871,Synthetic calibration data — for prototype demonstration only.
-6.777,1.179,1.467,-5.556,-1.528,-5.416,-4.689,Synthetic calibration data — for prototype demonstration only.
3.45,-1.729,-0.867,2.104,2.559,3.285,4.385,Synthetic calibration data — for prototype demonstration only.
-0.641,-1.45,-6.886,2.873,3.61,-5.412,-3.186,Synthetic calibration data — for prototype demonstration only.
-1.372,-4.165,-6.191,1.463,4.298,-5.946,0.176,Synthetic calibration data — for prototype demonstration only.
3.226,-5.688,5.713,2.127,-5.645,-1.184,4.748,Synthetic calibration data — for prototype demonstration only.
3.036,3.567,2.74,2.059,-3.148,4.233,-1.824,Synthetic calibration data — for prototype demonstration only.
3.919,0.557,0.184,4.24,-2.413,1.084,-1.237,Synthetic calibration data — for prototype demonstration only.
-5.135,2.416,-5.716,-2.702,4.639,-3.749,-4.982,Synthetic calibration data — for prototype demonstration only.
0.512,-1.324,1.067,-1.897,2.612,3.689,5.985,Synthetic calibration data — for prototype demonstration only.
-2.702,-3.064,1.366,-2.444,-1.105,-4.358,0.898,Synthetic calibration data — for prototype demonstration only.
4.376,0.818,-5.088,5.971,2.411,1.143,-1.292,Synthetic calibration data — for prototype demonstration only.
2.372,-3.079,-3.922,4.984,-0.037,-4.388,-1.615,Synthetic calibration data — for prototype demonstration only.
-5.688,-2.567,4.002,-5.194,-3.576,-5.788,-0.561,Synthetic calibration data — for prototype demonstration only.
2.848,-5.832,2.286,1.614,-1.88,-0.955,5.511,Synthetic calibration data — for prototype demonstration only.
2.599,-6.098,-1.034,3.024,0.49,-2.586,4.764,Synthetic calibration data — for prototype demonstration only.
-0.599,3.461,4.653,-3.179,-2.096,4.909,0.355,Synthetic calibration data — for prototype demonstration only.
2.073,2.312,-2.587,2.908,1.089,1.841,-2.407,Synthetic calibration data — for prototype demonstration only.
-2.842,-6.123,3.653,-3.104,-2.13,-4.135,4.492,Synthetic calibration data — for prototype demonstration only.
-0.584,0.511,2.413,-2.601,0.738,3.504,3.406,Synthetic calibration data — for prototype demonstration only.
1.785,2.749,2.887,-0.739,-0.285,5.936,2.095,Synthetic calibration data — for prototype demonstration only.
2.575,5.023,-6.482,3.776,4.831,3.451,-3.778,Synthetic calibration data — for prototype demonstration only.
2.978,-3.811,6.251,0.746,-4.777,1.835,5.464,Synthetic calibration data — for prototype demonstration only.
-0.447,-8.368,0.944,0.153,-0.804,-5.57,5.517,Synthetic calibration data — for prototype demonstration only.
-5.041,2.579,4.868,-4.764,-5.507,-3.047,-5.214,Synthetic calibration data — for prototype demonstration only.
-2.065,2.902,-2.249,-0.539,0.193,-2.249,-5.388,Synthetic calibration data — for prototype demonstration only.
-4.506,-4.652,2.598,-4.661,-1.386,-5.274,2.378,Synthetic calibration data — for prototype demonstration only.
-2.884,0.472,3.159,-3.516,-2.375,-1.27,-1.001,Synthetic calibration data — for prototype demonstration only.
-3.971,9.036,6.409,-5.98,-4.655,4.353,-5.985,Synthetic calibration data — for prototype demonstration only.
-0.848,-0.698,-0.745,0.098,-0.126,-2.003,-0.824,Synthetic calibration data — for prototype demonstration only.
1.074,-0.741,-7.098,3.367,4.094,-2.876,-2.13,Synthetic calibration data — for prototype demonstration only.
-2.375,5.188,1.428,-3.09,-0.242,2.199,-3.261,Synthetic calibration data — for prototype demonstration only.
-3.844,-2.544,-5.351,-2.031,5.165,-5.417,-0.471,Synthetic calibration data — for prototype demonstration only.
0.054,-1.349,-0.009,2.539,-4.195,-5.432,-4.342,Synthetic calibration data — for prototype demonstration only.
2.56,-0.065,0.845,5.026,-5.889,-3.74,-5.625,Synthetic calibration data — for prototype demonstration only.
-4.598,-1.481,0.004,-4.672,1.442,-3.1,0.831,Synthetic calibration data — for prototype demonstration only.
-0.745,-7.516,-4.554,1.082,4.193,-5.943,4.24,Synthetic calibration data — for prototype demonstration only.
3.763,-1.724,5.187,1.429,-4.047,3.275,4.266,Synthetic calibration data — for prototype demonstration only.
-3.44,-0.401,-2.998,-2.949,5.026,-0.547,1.241,Synthetic calibration data — for prototype demonstration only.
5.533,2.641,-0.507,5.816,-1.662,3.758,-2.179,Synthetic calibration data — for prototype demonstration only.
1.653,-2.33,-3.969,3.591,1.209,-3.404,-1.032,Synthetic calibration data — for prototype demonstration only.
-3.072,-2.401,4.071,-2.188,-5.063,-5.642,-1.842,Synthetic calibration data — for prototype demonstration only.
-2.642,1.044,8.011,-5.772,-4.014,2.702,2.497,Synthetic calibration data — for prototype demonstration only.
4.073,1.553,2.26,2.863,-2.194,4.68,1.126,Synthetic calibration data — for prototype demonstration only.
-3.416,5.137,5.33,-4.488,-4.275,2.317,-3.925,Synthetic calibration data — for prototype demonstration only.
-3.681,1.06,-8.846,0.088,5.901,-5.952,-5.801,Synthetic calibration data — for prototype demonstration only.
4.484,-8.516,-3.321,5.917,1.016,-4.477,4.768,Synthetic calibration data — for prototype demonstration only.
3.526,1.992,-2.914,4.565,0.434,1.462,-2.722,Synthetic calibration data — for prototype demonstration only.
-5.071,-1.621,1.22,-5.394,1.135,-2.463,1.963,Synthetic calibration data — for prototype demonstration only.
4.1,1.792,3.151,4.035,-5.782,1.149,-3.225,Synthetic calibration data — for prototype demonstration only.
4.552,-1.005,1.227,4.487,-2.956,1.329,0.642,Synthetic calibration data — for prototype demonstration only.
-0.325,1.826,-0.664,-1.246,2.131,2.709,0.803,Synthetic calibration data — for prototype demonstration only.
1.336,-1.105,-6.751,3.101,5.801,-0.969,0.175,Synthetic calibration data — for prototype demonstration only.
-5.375,3.103,-1.042,-5.85,3.552,0.243,-1.104,Synthetic calibration data — for prototype demonstration only.
-4.499,-1.148,-1.975,-4.871,4.676,-1.26,2.191,Synthetic calibration data — for prototype demonstration only.
-6.044,2.027,-5.381,-4.208,5.539,-3.859,-3.605,Synthetic calibration data — for prototype demonstration only.
1.802,-2.614,-7.37,4.308,4.951,-3.454,-0.362,Synthetic calibration data — for prototype demonstration only.
1.157,-1.067,-5.949,2.802,4.54,-1.451,0.204,Synthetic calibration data — for prototype demonstration only.
2.976,1.076,-2.49,2.901,2.774,3.396,0.839,Synthetic calibration data — for prototype demonstration only.
-2.368,1.83,-0.113,-4.745,4.848,4.387,3.577,Synthetic calibration data — for prototype demonstration only.
-3.474,7.765,4.313,-4.802,-3.547,2.923,-5.722,Synthetic calibration data — for prototype demonstration only.
6.502,-3.533,0.57,5.751,-1.474,2.632,4.651,Synthetic calibration data — for prototype demonstration only.
0.059,0.194,3.36,-1.264,-2.17,1.305,0.972,Synthetic calibration data — for prototype demonstration only.
0.788,4.31,0.457,-1.09,1.221,5.225,-0.388,Synthetic calibration data — for prototype demonstration only.
-3.939,3.562,1.307,-3.639,-1.474,-1.271,-4.427,Synthetic calibration data — for prototype demonstration only.
-3.149,-4.324,0.929,-4.046,2.215,-1.926,5.459,Synthetic calibration data — for prototype demonstration only.
-0.219,-1.424,8.314,-3.077,-4.813,3.042,4.572,Synthetic calibration data — for prototype demonstration only.
-2.612,-2.657,3.705,-2.663,-3.575,-3.771,0.264,Synthetic calibration data — for prototype demonstration only.
-1.55,-3.726,1.278,-0.379,-2.887,-5.458,-0.222,Synthetic calibration data — for prototype demonstration only.
3.058,2.546,-5.649,5.512,1.83,-0.054,-4.672,Synthetic calibration data — for prototype demonstration only.
-0.064,-1.08,5.881,-2.971,-2.463,3.178,4.521,Synthetic calibration data — for prototype demonstration only.
5.971,-0.847,-4.594,4.82,5.815,5.788,5.436,Synthetic calibration data — for prototype demonstration only.
-4.05,-1.426,6.034,-5.138,-4.346,-2.346,0.635,Synthetic calibration data — for prototype demonstration only.
-3.78,2.18,-1.396,-4.836,4.15,1.401,0.508,Synthetic calibration data — for prototype demonstration only.
-3.221,-5.494,4.812,-4.016,-2.961,-4.076,4.223,Synthetic calibration data — for prototype demonstration only.
-0.585,-0.369,-4.077,1.011,2.822,-2.448,-1.545,Synthetic calibration data — for prototype demonstration only.
-0.891,5.849,-2.829,-1.142,3.12,3.268,-3.518,Synthetic calibration data — for prototype demonstration only.
5.253,5.372,1.622,5.298,-4.552,4.753,-4.795,Synthetic calibration data — for prototype demonstration only.
-4.416,-0.807,-4.022,-2.826,4.158,-3.846,-1.037,Synthetic calibration data — for prototype demonstration only.
1.476,-1.809,5.247,-0.602,-3.057,2.523,4.216,Synthetic calibration data — for prototype demonstration only.
3.422,1.729,-0.979,4.495,-1.928,0.37,-3.019,Synthetic calibration data — for prototype demonstration only.
0.632,0.331,7.995,-3.062,-4.065,5.28,4.656,Synthetic calibration data — for prototype demonstration only.
2.734,-0.864,-1.747,3.328,0.212,-0.113,0.357,Synthetic calibration data — for prototype demonstration only.
-1.626,0.343,-2.139,0.439,-0.785,-4.419,-4.492,Synthetic calibration data — for prototype demonstration only.
5.314,5.848,-2.217,5.427,-0.216,5.438,-4.037,Synthetic calibration data — for prototype demonstration only.
-0.969,1.665,0.417,0.653,-3.507,-2.962,-5.639,Synthetic calibration data — for prototype demonstration only.
-4.634,-0.964,-3.007,-4.573,5.002,-2.142,1.298,Synthetic calibration data — for prototype demonstration only.
-0.758,3.177,0.223,-0.42,-1.195,0.383,-3.753,Synthetic calibration data — for prototype demonstration only.
5.023,1.071,-5.791,5.863,3.82,2.899,-0.375,Synthetic calibration data — for prototype demonstration only.
-5.717,4.678,-4.831,-4.165,5.048,-1.903,-5.399,Synthetic calibration data — for prototype demonstration only.
-1.099,-0.411,-1.352,-1.891,3.533,1.473,3.01,Synthetic calibration data — for prototype demonstration only.
4.988,2.758,2.945,3.524,-3.457,5.085,-0.744,Synthetic calibration data — for prototype demonstration only.
3.382,5.535,5.703,1.668,-5.972,5.92,-2.629,Synthetic calibration data — for prototype demonstration only.
-6.451,1.407,0.593,-5.255,-0.501,-4.452,-4.172,Synthetic calibration data — for prototype demonstration only.
2.705,4.744,1.128,1.587,-1.285,5.062,-2.17,Synthetic calibration data — for prototype demonstration only.
3.17,-0.319,-0.133,2.714,-0.467,1.919,1.196,Synthetic calibration data — for prototype demonstration only.
-2.534,2.434,-6.435,-0.327,5.401,-1.887,-3.873,Synthetic calibration data — for prototype demonstration only.
-0.447,-3.38,-6.424,2.137,4.152,-5.517,-0.604,Synthetic calibration data — for prototype demonstration only.
5.277,2.852,-3.4,4.71,2.995,5.902,0.377,Synthetic calibration data — for prototype demonstration only.
3.058,4.138,2.299,1.92,-2.37,5.37,-1.604,Synthetic calibration data — for prototype demonstration only.
3.242,-2.319,0.875,2.862,-1.162,0.742,2.637,Synthetic calibration data — for prototype demonstration only.
-0.548,-1.545,-4.408,0.107,4.885,-0.968,1.765,Synthetic calibration data — for prototype demonstration only.
-2.4,3.342,0.427,-1.892,-1.102,-0.719,-4.49,Synthetic calibration data — for prototype demonstration only.
-3.17,1.068,1.356,-4.899,2.01,1.866,1.955,Synthetic calibration data — for prototype demonstration only.
-4.812,-4.055,4.497,-5.763,-2.081,-3.626,3.338,Synthetic calibration data — for prototype demonstration only.
3.823,3.742,0.19,4.328,-3.04,2.014,-4.448,Synthetic calibration data — for prototype demonstration only.
-1.572,-3.283,5.768,-2.698,-4.336,-2.598,2.097,Synthetic calibration data — for prototype demonstration only.
5.075,-3.13,1.967,4.924,-3.57,0.505,2.417,Synthetic calibration data — for prototype demonstration only.
3.625,-4.363,-4.001,5.435,1.321,-2.939,1.506,Synthetic calibration data — for prototype demonstration only.
-2.23,-1.477,-4.051,-2.154,5.714,-1.204,2.225,Synthetic calibration data — for prototype demonstration only.
-2.919,3.466,5.216,-5.721,-1.199,4.501,1.323,Synthetic calibration data — for prototype demonstration only.
-0.566,5.255,-3.844,-0.673,5.231,4.248,-2.133,Synthetic calibration data — for prototype demonstration only.
0.484,2.339,-0.43,0.535,-0.122,1.586,-1.991,Synthetic calibration data — for prototype demonstration only.
-0.856,1.609,-0.732,-3.07,4.952,5.086,4.12,Synthetic calibration data — for prototype demonstration only.
5.834,-1.535,-3.585,5.738,2.94,3.176,3.151,Synthetic calibration data — for prototype demonstration only.
-0.827,-3.659,0.206,-0.233,-0.523,-3.117,1.738,Synthetic calibration data — for prototype demonstration only.
-1.671,2.087,3.936,-2.528,-2.906,1.032,-1.08,Synthetic calibration data — for prototype demonstration only.
-2.621,7.447,-2.083,-3.374,3.793,4.327,-3.988,Synthetic calibration data — for prototype demonstration only.
-2.812,0.653,6.668,-5.91,-1.966,3.57,4.07,Synthetic calibration data — for prototype demonstration only.
-5.519,-0.701,-2.871,-4.34,3.292,-4.612,-1.319,Synthetic calibration data — for prototype demonstration only.
3.684,-4.137,-0.419,5.983,-3.689,-4.152,-0.926,Synthetic calibration data — for prototype demonstration only.
1.171,8.126,-5.835,1.436,5.195,5.77,-5.164,Synthetic calibration data — for prototype demonstration only.
-4.009,-4.24,-0.867,-4.344,3.489,-2.752,4.618,Synthetic calibration data — for prototype demonstration only.
2.475,4.821,3.388,1.961,-4.658,3.99,-3.884,Synthetic calibration data — for prototype demonstration only.
-0.556,-1.506,0.649,-0.918,0.626,0.009,2.234,Synthetic calibration data — for prototype demonstration only.
2.222,4.139,-4.723,1.832,5.905,5.993,0.198,Synthetic calibration data — for prototype demonstration only.
-3.079,7.15,0.539,-4.858,2.734,5.72,-2.18,Synthetic calibration data — for prototype demonstration only.
-1.484,-5.23,0.406,-0.465,-0.903,-5.383,2.067,Synthetic calibration data — for prototype demonstration only.
-0.01,0.563,-0.284,-1.76,3.45,3.985,3.855,Synthetic calibration data — for prototype demonstration only.
1.293,-0.85,4.322,-1.0,-2.141,2.986,3.617,Synthetic calibration data — for prototype demonstration only.
-1.173,-6.027,-4.291,-0.105,4.716,-4.273,4.549,Synthetic calibration data — for prototype demonstration only.
-4.017,5.302,4.478,-4.847,-4.158,0.406,-5.19,Synthetic calibration data — for prototype demonstration only.
-2.783,-2.094,9.057,-5.366,-5.994,-0.764,3.295,Synthetic calibration data — for prototype demonstration only.
-4.159,7.492,0.301,-5.582,1.827,3.878,-3.984,Synthetic calibration data — for prototype demonstration only.
-3.059,3.871,-1.185,-4.238,4.33,3.877,0.467,Synthetic calibration data — for prototype demonstration only.
3.851,-4.625,3.551,3.83,-4.887,-1.266,2.854,Synthetic calibration data — for prototype demonstration only.
-2.385,-1.404,-0.427,-2.911,3.028,0.05,3.003,Synthetic calibration data — for prototype demonstration only.
-1.973,0.519,-0.268,-0.424,-1.585,-3.37,-3.499,Synthetic calibration data — for prototype demonstration only.
0.915,-1.417,0.69,3.018,-4.573,-4.968,-3.885,Synthetic calibration data — for prototype demonstration only.
-2.75,-4.371,-0.302,-3.896,3.877,-1.218,5.885,Synthetic calibration data — for prototype demonstration only.
-4.329,1.909,-0.292,-4.353,1.842,-0.615,-1.285,Synthetic calibration data — for prototype demonstration only.
3.421,5.582,-7.563,4.501,5.707,4.474,-3.692,Synthetic calibration data — for prototype demonstration only.
-3.36,-2.869,-0.031,-3.35,1.873,-2.531,2.817,Synthetic calibration data — for prototype demonstration only.
2.406,0.594,0.594,0.797,0.611,3.943,2.526,Synthetic calibration data — for prototype demonstration only.
-3.256,1.81,7.999,-5.681,-5.406,1.219,-0.166,Synthetic calibration data — for prototype demonstration only.
-0.541,-0.101,4.04,-2.878,-0.976,3.095,3.919,Synthetic calibration data — for prototype demonstration only.
-0.029,-2.442,0.203,0.735,-1.376,-2.752,0.263,Synthetic calibration data — for prototype demonstration only.
-2.25,6.524,-0.836,-2.223,0.769,2.12,-5.207,Synthetic calibration data — for prototype demonstration only.
-2.441,2.649,7.679,-5.987,-3.453,4.734,1.755,Synthetic calibration data — for prototype demonstration only.
-4.064,1.307,-2.692,-3.936,4.683,-0.361,-0.287,Synthetic calibration data — for prototype demonstration only.
4.106,-5.078,2.068,5.227,-5.286,-3.418,1.029,Synthetic calibration data — for prototype demonstration only.
-5.525,2.406,-2.559,-3.654,2.154,-3.431,-4.81,Synthetic calibration data — for prototype demonstration only.
-5.033,1.458,0.116,-3.516,-0.927,-3.886,-4.384,Synthetic calibration data — for prototype demonstration only.
2.475,1.919,-2.0,4.323,-2.155,-1.671,-5.337,Synthetic calibration data — for prototype demonstration only.
-1.06,3.791,2.874,-1.712,-2.822,1.326,-3.535,Synthetic calibration data — for prototype demonstration only.
0.368,-0.081,-9.67,4.66,5.156,-4.802,-4.711,Synthetic calibration data — for prototype demonstration only.
-4.578,-5.293,0.89,-4.616,1.435,-4.536,4.229,Synthetic calibration data — for prototype demonstration only.
3.077,-4.845,-3.24,3.051,3.838,0.313,5.96,Synthetic calibration data — for prototype demonstration only.
-3.662,-4.471,4.665,-5.47,-1.185,-2.113,5.384,Synthetic calibration data — for prototype demonstration only.
0.082,-7.204,-3.089,0.922,3.674,-3.956,5.744,Synthetic calibration data — for prototype demonstration only.
1.717,5.238,1.209,-0.016,-0.076,5.651,-1.431,Synthetic calibration data — for prototype demonstration only.
-2.441,-0.92,-2.1,-1.23,1.017,-4.463,-2.147,Synthetic calibration data — for prototype demonstration only.
-0.593,2.511,7.533,-3.682,-4.761,4.394,1.072,Synthetic calibration data — for prototype demonstration only.
-1.195,-1.442,2.052,-1.696,-1.096,-0.822,1.598,Synthetic calibration data — for prototype demonstration only.
2.538,0.13,-8.049,5.121,5.193,-1.302,-2.049,Synthetic calibration data — for prototype demonstration only.
-0.373,-1.717,0.117,-0.587,0.815,-0.458,1.905,Synthetic calibration data — for prototype demonstration only.
0.114,-0.75,0.803,0.653,-2.151,-1.851,-1.457,Synthetic calibration data — for prototype demonstration only.
-2.729,3.871,6.402,-4.864,-4.007,2.677,-1.331,Synthetic calibration data — for prototype demonstration only.
-2.473,5.495,0.73,-3.426,0.752,3.066,-2.911,Synthetic calibration data — for prototype demonstration only.
3.023,-1.31,-5.735,3.921,5.13,1.169,2.027,Synthetic calibration data — for prototype demonstration only.
-4.472,-3.379,-1.519,-5.369,5.346,-1.29,5.087,Synthetic calibration data — for prototype demonstration only.
0.43,-6.482,4.449,0.948,-5.945,-5.537,2.165,Synthetic calibration data — for prototype demonstration only.
3.249,-2.254,6.813,0.752,-5.682,2.922,4.226,Synthetic calibration data — for prototype demonstration only.
-1.117,-6.822,0.211,-0.043,-0.411,-5.934,3.44,Synthetic calibration data — for prototype demonstration only.
-2.49,-0.949,-3.585,-2.031,4.545,-1.523,0.781,Synthetic calibration data — for prototype demonstration only.
-0.574,2.65,6.003,-2.756,-4.073,3.299,-0.041,Synthetic calibration data — for prototype demonstration only.
1.897,0.939,-2.769,0.438,5.585,5.563,4.268,Synthetic calibration data — for prototype demonstration only.
-1.985,5.311,1.243,-3.749,1.131,4.538,-1.506,Synthetic calibration data — for prototype demonstration only.
-4.706,0.705,-1.293,-4.787,3.732,-0.219,0.773,Synthetic calibration data — for prototype demonstration only.
3.701,-0.675,-4.527,5.786,1.287,-0.9,-1.56,Synthetic calibration data — for prototype demonstration only.
1.429,-0.945,6.756,-0.989,-4.579,3.537,4.053,Synthetic calibration data — for prototype demonstration only.
-1.439,7.933,2.815,-2.587,-2.354,4.492,-5.712,Synthetic calibration data — for prototype demonstration only.
0.096,4.769,-0.319,0.245,-0.436,2.282,-4.039,Synthetic calibration data — for prototype demonstration only.
1.123,4.529,-1.025,2.02,-1.479,1.425,-5.519,Synthetic calibration data — for prototype demonstration only.
-2.388,1.2,-2.293,-0.459,0.267,-3.428,-4.325,Synthetic calibration data — for prototype demonstration only.
-2.994,-6.975,3.715,-3.738,-1.87,-4.838,5.368,Synthetic calibration data — for prototype demonstration only.
-0.808,8.7,-3.047,-1.14,3.708,5.693,-5.031,Synthetic calibration data — for prototype demonstration only.
1.382,1.699,-4.917,1.82,4.457,1.611,-0.852,Synthetic calibration data — for prototype demonstration only.
1.547,-4.801,7.468,-0.827,-5.569,0.415,5.923,Synthetic calibration data — for prototype demonstration only.
5.264,1.627,2.505,5.504,-5.515,2.47,-2.379,Synthetic calibration data — for prototype demonstration only.
6.808,-1.453,5.375,4.836,-5.459,5.23,4.05,Synthetic calibration data — for prototype demonstration only.
-2.413,6.826,6.713,-4.59,-5.282,4.016,-4.131,Synthetic calibration data — for prototype demonstration only.
-0.456,1.669,-5.17,0.419,4.989,0.809,-1.233,Synthetic calibration data — for prototype demonstration only.
1.551,5.52,5.895,-0.66,-5.243,5.625,-2.272,Synthetic calibration data — for prototype demonstration only.
-1.741,8.243,3.862,-3.728,-2.567,5.572,-4.869,Synthetic calibration data — for prototype demonstration only.
5.589,-2.398,-1.576,4.408,2.494,3.96,5.711,Synthetic calibration data — for prototype demonstration only.
1.847,-6.797,-7.26,4.106,5.321,-4.477,3.549,Synthetic calibration data — for prototype demonstration only.
2.948,-1.317,1.987,0.548,0.522,4.787,5.662,Synthetic calibration data — for prototype demonstration only.
1.577,0.107,-1.31,2.458,-0.205,-0.523,-1.364,Synthetic calibration data — for prototype demonstration only.
-3.604,1.08,-0.767,-1.661,-1.302,-4.923,-5.071,Synthetic calibration data — for prototype demonstration only.
4.586,1.796,0.653,3.358,-0.647,5.168,1.347,Synthetic calibration data — for prototype demonstration only.
-3.341,-5.998,7.302,-5.578,-4.11,-3.53,5.709,Synthetic calibration data — for prototype demonstration only.
0.065,0.227,4.485,-3.376,0.189,5.234,5.726,Synthetic calibration data — for prototype demonstration only.
-4.255,1.743,3.901,-3.164,-5.411,-4.157,-5.24,Synthetic calibration data — for prototype demonstration only.
-1.46,3.912,2.315,-3.659,0.823,4.949,0.447,Synthetic calibration data — for prototype demonstration only.
3.013,0.673,4.002,1.512,-3.578,3.607,1.413,Synthetic calibration data — for prototype demonstration only.
1.446,2.396,-9.006,4.37,5.386,-1.825,-4.913,Synthetic calibration data — for prototype demonstration only.
-1.197,5.604,3.253,-3.289,-0.746,5.348,-1.46,Synthetic calibration data — for prototype demonstration only.
0.905,-1.77,-3.374,3.249,0.486,-3.806,-2.151,Synthetic calibration data — for prototype demonstration only.
0.193,1.799,-4.208,1.838,2.074,-0.783,-3.256,Synthetic calibration data — for prototype demonstration only.
3.655,5.892,2.871,2.663,-3.974,5.24,-3.745,Synthetic calibration data — for prototype demonstration only.
-3.456,1.134,2.271,-4.712,-0.028,0.235,0.098,Synthetic calibration data — for prototype demonstration only.
-1.742,0.846,-5.304,-0.76,5.938,-0.165,-0.265,Synthetic calibration data — for prototype demonstration only.
-0.274,2.895,4.463,-0.939,-5.198,1.115,-3.264,Synthetic calibration data — for prototype demonstration only.
3.581,3.463,6.02,1.651,-5.39,5.777,-0.372,Synthetic calibration data — for prototype demonstration only.
3.248,-8.29,-1.81,4.761,-0.293,-5.276,3.867,Synthetic calibration data — for prototype demonstration only.
1.128,-2.266,-3.777,1.778,3.381,-0.862,1.655,Synthetic calibration data — for prototype demonstration only.
3.19,-3.669,-3.486,4.275,1.573,-1.828,1.95,Synthetic calibration data — for prototype demonstration only.
0.268,-0.649,-6.869,2.062,5.527,-1.549,-0.899,Synthetic calibration data — for prototype demonstration only.
3.912,1.447,-1.261,3.745,0.069,2.839,-0.483,Synthetic calibration data — for prototype demonstration only.
-5.09,1.089,-3.254,-3.414,2.942,-4.426,-3.617,Synthetic calibration data — for prototype demonstration only.
1.779,5.577,-3.028,1.522,2.967,4.736,-2.729,Synthetic calibration data — for prototype demonstration only.
-6.488,1.728,-5.258,-4.671,5.473,-4.147,-3.628,Synthetic calibration data — for prototype demonstration only.
-0.235,1.232,2.836,-2.504,0.353,4.594,3.127,Synthetic calibration data — for prototype demonstration only.
2.055,-1.786,2.068,2.498,-3.898,-1.708,-0.259,Synthetic calibration data — for prototype demonstration only.
-4.411,2.916,2.535,-4.231,-2.719,-2.3,-4.473,Synthetic calibration data — for prototype demonstration only.
-1.391,-3.373,-3.768,0.603,2.46,-5.161,-0.227,Synthetic calibration data — for prototype demonstration only.
3.368,2.416,-3.568,3.387,2.976,3.781,-0.621,Synthetic calibration data — for prototype demonstration only.
2.513,0.638,-0.291,3.847,-3.111,-1.67,-3.884,Synthetic calibration data — for prototype demonstration only.
-0.364,-4.781,1.612,-0.39,-1.295,-3.109,3.021,Synthetic calibration data — for prototype demonstration only.
-3.063,-2.321,2.429,-2.234,-2.726,-4.429,-0.734,Synthetic calibration data — for prototype demonstration only.
-1.922,-4.355,2.777,-2.364,-1.569,-3.168,3.158,Synthetic calibration data — for prototype demonstration only.
5.519,-3.614,-0.449,5.16,-0.025,1.716,4.406,Synthetic calibration data — for prototype demonstration only.
6.859,-2.003,-1.394,5.986,1.362,4.677,4.903,Synthetic calibration data — for prototype demonstration only.
-0.039,0.071,-3.893,3.497,-0.469,-5.026,-5.81,Synthetic calibration data — for prototype demonstration only.
-0.321,-1.57,-0.076,-0.274,-0.068,-1.112,0.818,Synthetic calibration data — for prototype demonstration only.
-2.19,-0.167,-6.31,0.626,4.039,-4.696,-3.298,Synthetic calibration data — for prototype demonstration only.
5.059,0.168,-2.65,3.516,4.174,5.938,4.475,Synthetic calibration data — for prototype demonstration only.
2.966,0.148,-1.169,4.679,-2.228,-1.18,-2.783,Synthetic calibration data — for prototype demonstration only.
-0.062,-1.767,-5.811,1.276,5.266,-1.864,0.684,Synthetic calibration data — for prototype demonstration only.
-3.467,1.875,2.419,-2.444,-3.962,-3.658,-5.305,Synthetic calibration data — for prototype demonstration only.
6.086,-0.496,0.577,5.392,-1.165,4.009,2.176,Synthetic calibration data — for prototype demonstration only.
-1.658,5.3,5.538,-3.697,-3.894,3.744,-2.823,Synthetic calibration data — for prototype demonstration only.
5.899,-3.376,3.692,4.959,-4.319,2.133,3.774,Synthetic calibration data — for prototype demonstration only.
-1.287,6.827,4.489,-3.177,-2.686,5.574,-2.825,Synthetic calibration data — for prototype demonstration only.
-0.81,-4.531,1.487,-0.841,-0.81,-2.964,3.309,Synthetic calibration data — for prototype demonstration only.
3.223,4.716,-0.091,3.262,-1.46,4.022,-3.443,Synthetic calibration data — for prototype demonstration only.
-4.404,10.126,1.894,-5.948,0.854,5.929,-5.536,Synthetic calibration data — for prototype demonstration only.
-2.456,7.555,0.633,-3.504,0.227,3.719,-4.931,Synthetic calibration data — for prototype demonstration only.
-2.586,2.647,-3.648,-1.257,2.965,-1.541,-3.734,Synthetic calibration data — for prototype demonstration only.
-1.849,-2.786,3.9,-3.654,-1.079,-0.247,4.342,Synthetic calibration data — for prototype demonstration only.
2.459,4.42,-1.756,1.707,2.285,5.796,-1.058,Synthetic calibration data — for prototype demonstration only.
-2.025,-3.459,-4.44,-1.16,5.08,-3.049,2.758,Synthetic calibration data — for prototype demonstration only.
2.432,1.67,2.049,3.055,-4.827,-0.381,-3.593,Synthetic calibration data — for prototype demonstration only.
-3.012,-3.664,2.85,-3.775,-0.434,-2.527,3.553,Synthetic calibration data — for prototype demonstration only.
1.83,-0.626,-7.287,4.891,3.633,-2.808,-2.71,Synthetic calibration data — for prototype demonstration only.
-0.417,4.959,6.666,-2.943,-4.38,5.326,-1.175,Synthetic calibration data — for prototype demonstration only.
-4.475,4.925,-4.498,-3.304,4.16,-1.21,-5.579,Synthetic calibration data — for prototype demonstration only.
-2.797,6.269,-0.04,-4.057,1.671,3.395,-3.469,Synthetic calibration data — for prototype demonstration only.
3.71,4.919,-6.045,5.009,4.212,4.181,-3.268,Synthetic calibration data — for prototype demonstration only.
-5.027,-1.192,-1.697,-5.394,4.409,-2.33,1.427,Synthetic calibration data — for prototype demonstration only.
5.239,-2.956,5.008,3.12,-4.46,3.37,5.262,Synthetic calibration data — for prototype demonstration only.
3.94,2.263,0.66,2.74,-0.705,4.52,0.329,Synthetic calibration data — for prototype demonstration only.
2.258,3.667,-5.078,2.937,3.846,2.992,-2.546,Synthetic calibration data — for prototype demonstration only.
-3.244,0.528,5.203,-4.586,-3.14,0.034,0.063,Synthetic calibration data — for prototype demonstration only.
3.185,-2.035,3.15,0.992,-1.259,3.443,4.958,Synthetic calibration data — for prototype demonstration only.
-2.201,2.366,-0.806,-3.039,2.838,2.136,0.277,Synthetic calibration data — for prototype demonstration only.
-1.463,3.186,0.487,-3.738,3.543,5.528,2.662,Synthetic calibration data — for prototype demonstration only.
3.242,-3.235,-7.861,5.014,5.81,-1.775,1.659,Synthetic calibration data — for prototype demonstration only.
-2.615,-1.814,-6.832,-0.313,5.84,-4.874,-1.052,Synthetic calibration data — for prototype demonstration only.
4.927,2.059,0.856,4.506,-2.591,3.454,-1.407,Synthetic calibration data — for prototype demonstration only.
3.825,-5.436,-6.627,5.76,4.602,-2.384,3.242,Synthetic calibration data — for prototype demonstration only.
-0.196,-1.18,1.129,-1.958,1.276,1.902,3.955,Synthetic calibration data — for prototype demonstration only.
-3.38,2.511,6.609,-5.707,-3.358,2.543,0.762,Synthetic calibration data — for prototype demonstration only.
0.991,-5.341,5.732,-0.053,-5.337,-1.821,4.381,Synthetic calibration data — for prototype demonstration only.
-3.579,9.275,3.638,-5.629,-1.243,5.342,-5.389,Synthetic calibration data — for prototype demonstration only.
4.752,-0.108,3.439,2.996,-2.909,4.399,2.953,Synthetic calibration data — for prototype demonstration only.
5.125,-3.808,2.348,4.628,-3.409,0.376,3.351,Synthetic calibration data — for prototype demonstration only.
-2.506,-7.969,4.962,-3.052,-3.231,-5.674,5.502,Synthetic calibration data — for prototype demonstration only.
2.59,1.279,-1.831,2.52,1.627,2.928,0.379,Synthetic calibration data — for prototype demonstration only.
-0.289,3.992,0.098,-0.286,-0.606,1.685,-3.582,Synthetic calibration data — for prototype demonstration only.
2.786,-3.046,-5.816,4.657,3.741,-1.805,0.943,Synthetic calibration data — for prototype demonstration only.
-1.998,0.718,-0.698,-4.308,5.668,4.835,5.063,Synthetic calibration data — for prototype demonstration only.
-2.964,1.7,2.423,-2.014,-3.97,-3.459,-4.92,Synthetic calibration data — for prototype demonstration only.
-2.424,8.625,7.171,-4.559,-5.144,5.878,-5.111,Synthetic calibration data — for prototype demonstration only.
-3.326,-0.374,-0.621,-4.409,3.927,0.963,3.293,Synthetic calibration data — for prototype demonstration only.
1.132,0.922,-4.484,1.571,4.586,1.662,0.266,Synthetic calibration data — for prototype demonstration only.
1.526,-1.751,-1.285,2.553,-0.631,-1.847,-0.388,Synthetic calibration data — for prototype demonstration only.
-5.357,2.481,-3.498,-3.963,3.559,-2.872,-4.158,Synthetic calibration data — for prototype demonstration only.
-2.822,-1.838,-2.262,-3.044,4.105,-2.038,2.233,Synthetic calibration data — for prototype demonstration only.
4.661,2.206,2.793,4.277,-5.067,3.18,-2.308,Synthetic calibration data — for prototype demonstration only.
-1.885,6.368,-0.237,-3.401,2.267,4.918,-2.46,Synthetic calibration data — for prototype demonstration only.
1.502,-1.332,2.442,0.826,-2.522,0.651,1.462,Synthetic calibration data — for prototype demonstration only.
-0.02,-5.24,-2.513,1.324,1.483,-4.379,2.322,Synthetic calibration data — for prototype demonstration only.
-0.429,-3.294,-4.529,2.097,2.191,-5.111,-0.638,Synthetic calibration data — for prototype demonstration only.
-1.297,-1.899,4.136,-1.092,-4.959,-3.332,-0.708,Synthetic calibration data — for prototype demonstration only.
4.06,1.357,2.94,2.915,-3.155,3.957,0.55,Synthetic calibration data — for prototype demonstration only.
2.812,-1.958,-0.782,3.125,-0.329,-0.01,1.437,Synthetic calibration data — for prototype demonstration only.
4.342,-1.917,-1.698,5.136,-0.098,0.344,1.224,Synthetic calibration data — for prototype demonstration only.
3.131,-0.876,3.586,2.85,-5.138,0.188,-0.221,Synthetic calibration data — for prototype demonstration only.
5.16,-5.836,-0.498,5.06,-0.078,-0.38,5.546,Synthetic calibration data — for prototype demonstration only.
-1.906,1.482,1.632,-0.593,-3.829,-3.397,-4.858,Synthetic calibration data — for prototype demonstration only.
-3.048,1.479,5.158,-5.993,-0.817,3.231,2.802,Synthetic calibration data — for prototype demonstration only.
-4.914,-5.546,2.706,-5.614,0.84,-4.149,5.293,Synthetic calibration data — for prototype demonstration only.
-3.763,-1.658,0.274,-3.992,1.52,-2.085,1.699,Synthetic calibration data — for prototype demonstration only.
-1.379,-5.351,-1.934,-1.053,3.116,-3.232,4.87,Synthetic calibration data — for prototype demonstration only.
1.926,-1.782,-0.189,0.003,3.073,4.197,5.986,Synthetic calibration data — for prototype demonstration only.
-3.99,0.847,2.738,-3.313,-2.557,-2.995,-2.846,Synthetic calibration data — for prototype demonstration only.
1.677,3.956,-4.369,0.989,5.922,5.883,0.321,Synthetic calibration data — for prototype demonstration only.
1.426,6.689,-4.664,1.668,4.32,5.195,-3.554,Synthetic calibration data — for prototype demonstration only.
-1.273,-0.788,-4.642,0.343,3.994,-2.362,-0.722,Synthetic calibration data — for prototype demonstration only.
5.933,-0.403,-5.889,5.827,5.821,4.873,3.581,Synthetic calibration data — for prototype demonstration only.
-1.769,0.351,3.382,-2.77,-2.15,0.567,0.729,Synthetic calibration data — for prototype demonstration only.
0.008,-2.901,-0.92,0.066,1.64,-1.1,2.99,Synthetic calibration data — for prototype demonstration only.
-3.294,0.143,0.766,-1.997,-2.032,-4.473,-3.735,Synthetic calibration data — for prototype demonstration only.
3.243,-5.825,-1.024,4.206,-0.645,-3.266,3.112,Synthetic calibration data — for prototype demonstration only.
0.056,0.756,3.252,0.648,-5.746,-2.204,-3.876,Synthetic calibration data — for prototype demonstration only.
-0.67,-0.037,-1.021,1.87,-2.7,-5.221,-5.341,Synthetic calibration data — for prototype demonstration only.
1.934,5.283,4.886,0.981,-5.739,4.186,-4.135,Synthetic calibration data — for prototype demonstration only.
-0.121,2.962,-1.602,1.279,-0.664,-0.686,-5.138,Synthetic calibration data — for prototype demonstration only.
-0.611,-1.6,-8.537,3.633,4.717,-5.868,-3.857,Synthetic calibration data — for prototype demonstration only.
2.089,-1.421,-4.915,4.847,0.594,-4.2,-3.567,Synthetic calibration data — for prototype demonstration only.
2.583,-3.458,-1.571,1.92,2.698,1.193,5.438,Synthetic calibration data — for prototype demonstration only.
-0.188,1.166,1.679,-0.071,-2.397,-0.273,-1.684,Synthetic calibration data — for prototype demonstration only.
-1.745,-3.211,6.956,-3.307,-5.448,-1.773,2.537,Synthetic calibration data — for prototype demonstration only.
-3.979,1.363,4.249,-5.779,-0.73,1.728,1.325,Synthetic calibration data — for prototype demonstration only.
1.898,5.086,-5.941,3.32,3.726,2.54,-4.766,Synthetic calibration data — for prototype demonstration only.
-2.473,2.498,-3.307,-0.3,1.241,-3.053,-5.489,Synthetic calibration data — for prototype demonstration only.
-4.052,3.031,0.608,-3.317,-0.541,-1.033,-3.88,Synthetic calibration data — for prototype demonstration only.
2.289,-7.034,-5.914,3.893,5.108,-3.584,5.155,Synthetic calibration data — for prototype demonstration only.
-4.983,10.358,-2.679,-5.786,5.1,5.423,-5.855,Synthetic calibration data — for prototype demonstration only.
4.442,-1.444,-3.878,3.156,5.642,4.871,5.649,Synthetic calibration data — for prototype demonstration only.
2.802,1.422,5.951,0.604,-5.062,4.197,1.366,Synthetic calibration data — for prototype demonstration only.
0.821,3.67,-0.717,1.377,-0.993,0.862,-4.157,Synthetic calibration data — for prototype demonstration only.
4.7,-2.699,5.457,2.877,-5.1,2.757,4.188,Synthetic calibration data — for prototype demonstration only.
0.297,-5.955,1.199,-0.33,0.118,-2.253,5.634,Synthetic calibration data — for prototype demonstration only.
0.461,-1.041,-1.429,2.797,-1.572,-3.902,-3.365,Synthetic calibration data — for prototype demonstration only.
-1.01,5.224,-4.958,-0.433,5.311,2.81,-3.417,Synthetic calibration data — for prototype demonstration only.
4.36,4.296,-0.449,4.315,-1.462,4.221,-3.1,Synthetic calibration data — for prototype demonstration only.
-0.085,-3.755,-5.744,1.424,5.12,-2.905,2.315,Synthetic calibration data — for prototype demonstration only.
4.23,-6.967,1.022,5.848,-4.193,-4.939,2.09,Synthetic calibration data — for prototype demonstration only.
-0.234,-3.027,6.579,-1.923,-5.145,-0.296,3.045,Synthetic calibration data — for prototype demonstration only.
-0.062,3.288,4.029,-2.579,-1.979,4.148,0.241,Synthetic calibration data — for prototype demonstration only.
5.468,1.154,0.459,4.113,-0.643,5.436,1.81,Synthetic calibration data — for prototype demonstration only.
-5.332,4.978,-3.919,-4.609,4.621,-0.129,-4.3,Synthetic calibration data — for prototype demonstration only.
-5.986,-0.485,-2.45,-4.168,2.25,-5.432,-2.561,Synthetic calibration data — for prototype demonstration only.
-3.549,-0.102,2.546,-4.323,-0.707,-1.028,0.263,Synthetic calibration data — for prototype demonstration only.
-1.342,2.519,6.156,-2.644,-5.615,1.373,-1.515,Synthetic calibration data — for prototype demonstration only.
-0.361,-2.529,1.529,1.816,-4.696,-5.835,-3.02,Synthetic calibration data — for prototype demonstration only.
0.645,3.867,1.936,-0.521,-1.271,3.724,-1.466,Synthetic calibration data — for prototype demonstration only.
-1.715,-4.215,-2.792,0.365,1.122,-5.738,0.182,Synthetic calibration data — for prototype demonstration only.
-2.3,-5.641,1.386,-1.862,-0.945,-4.797,3.394,Synthetic calibration data — for prototype demonstration only.
6.153,-3.777,4.356,5.309,-5.733,1.216,3.166,Synthetic calibration data — for prototype demonstration only.
-1.15,-1.807,-0.125,-2.582,3.451,1.588,5.15,Synthetic calibration data — for prototype demonstration only.
5.541,-3.019,2.632,5.772,-5.492,-0.661,0.564,Synthetic calibration data — for prototype demonstration only.
-2.649,9.542,3.456,-4.239,-1.965,5.852,-5.805,Synthetic calibration data — for prototype demonstration only.
-1.864,-0.914,-4.463,-0.57,4.112,-2.113,-0.242,Synthetic calibration data — for prototype demonstration only.
1.879,-0.42,-4.922,5.737,-0.301,-4.429,-5.379,Synthetic calibration data — for prototype demonstration only.
3.49,2.141,-0.928,5.345,-2.81,0.049,-4.912,Synthetic calibration data — for prototype demonstration only.
-0.463,-3.709,-2.691,-0.916,5.161,0.029,5.654,Synthetic calibration data — for prototype demonstration only.
-1.054,4.017,2.108,-2.894,0.055,4.314,-0.621,Synthetic calibration data — for prototype demonstration only.
-3.322,0.235,-3.321,-2.646,4.266,-1.321,0.369,Synthetic calibration data — for prototype demonstration only.
3.141,0.872,-1.508,5.718,-3.762,-2.383,-5.627,Synthetic calibration data — for prototype demonstration only.
-0.413,4.9,3.323,-1.298,-3.598,2.16,-3.824,Synthetic calibration data — for prototype demonstration only.
1.022,-0.909,0.737,2.098,-2.838,-1.737,-1.814,Synthetic calibration data — for prototype demonstration only.
2.441,-5.338,0.098,2.601,-0.402,-1.664,4.231,Synthetic calibration data — for prototype demonstration only.
2.328,4.361,3.46,0.863,-3.434,4.801,-1.888,Synthetic calibration data — for prototype demonstration only.
-6.563,0.828,0.483,-5.532,-0.065,-4.513,-3.138,Synthetic calibration data — for prototype demonstration only.
5.324,-2.682,5.155,2.965,-4.431,3.683,5.243,Synthetic calibration data — for prototype demonstration only.
2.381,-3.117,-0.717,1.278,2.524,2.563,5.914,Synthetic calibration data — for prototype demonstration only.
-0.652,-0.035,5.041,-1.902,-4.046,0.23,0.399,Synthetic calibration data — for prototype demonstration only.
-3.959,-7.054,0.712,-3.865,1.357,-5.831,5.132,Synthetic calibration data — for prototype demonstration only.
-3.395,-0.633,4.632,-2.825,-5.525,-4.701,-3.117,Synthetic calibration data — for prototype demonstration only.
-2.844,1.166,4.654,-2.713,-5.606,-2.648,-3.685,Synthetic calibration data — for prototype demonstration only.
-1.846,0.711,0.854,-1.457,-1.378,-1.932,-2.065,Synthetic calibration data — for prototype demonstration only.
-3.344,-4.601,7.65,-4.923,-5.698,-3.575,3.08,Synthetic calibration data — for prototype demonstration only.
4.026,-1.337,-7.051,5.89,5.142,0.051,0.382,Synthetic calibration data — for prototype demonstration only.
-0.504,-0.257,-0.084,-2.225,3.287,3.177,4.131,Synthetic calibration data — for prototype demonstration only.
5.311,-2.079,0.664,4.746,-0.788,3.203,3.677,Synthetic calibration data — for prototype demonstration only.
-2.98,-7.187,-3.1,-2.298,5.151,-4.868,5.931,Synthetic calibration data — for prototype demonstration only.
2.97,4.563,1.902,3.241,-4.881,1.875,-5.59,Synthetic calibration data — for prototype demonstration only.
3.244,-3.138,-3.427,3.242,3.591,1.229,4.282,Synthetic calibration data — for prototype demonstration only.
-5.021,4.516,2.666,-4.825,-2.689,-1.03,-5.491,Synthetic calibration data — for prototype demonstration only.
-0.875,-0.275,2.4,-0.621,-2.817,-1.287,-0.899,Synthetic calibration data — for prototype demonstration only.
5.551,2.504,1.528,4.553,-2.756,4.725,-0.888,Synthetic calibration data — for prototype demonstration only.
-2.489,2.12,-0.107,-2.066,0.03,-0.987,-2.912,Synthetic calibration data — for prototype demonstration only.
0.394,-2.252,3.709,0.032,-4.178,-1.777,0.789,Synthetic calibration data — for prototype demonstration only.
-1.216,-6.11,-2.385,-1.039,3.887,-2.919,5.637,Synthetic calibration data — for prototype demonstration only.
2.157,5.814,-7.076,3.417,5.611,4.058,-4.295,Synthetic calibration data — for prototype demonstration only.
2.375,1.254,4.92,0.318,-3.96,3.819,1.01,Synthetic calibration data — for prototype demonstration only.
-4.431,-2.666,-4.648,-2.839,5.155,-4.618,0.766,Synthetic calibration data — for prototype demonstration only.
4.117,-3.505,5.418,2.652,-5.294,1.174,3.791,Synthetic calibration data — for prototype demonstration only.
-4.689,-2.378,1.87,-5.19,0.147,-2.897,1.955,Synthetic calibration data — for prototype demonstration only.
-3.742,8.133,-2.829,-4.576,5.245,4.737,-3.768,Synthetic calibration data — for prototype demonstration only.
-0.871,3.232,0.357,-2.121,1.052,2.617,-0.688,Synthetic calibration data — for prototype demonstration only.
-0.943,5.253,7.582,-4.125,-4.75,5.997,-0.536,Synthetic calibration data — for prototype demonstration only.
4.314,6.421,-1.989,4.47,-0.211,5.068,-4.947,Synthetic calibration data — for prototype demonstration only.
-3.209,7.47,-2.112,-4.632,5.156,5.37,-2.223,Synthetic calibration data — for prototype demonstration only.
-2.367,2.875,0.102,-1.738,-0.571,-1.006,-3.719,Synthetic calibration data — for prototype demonstration only.
3.92,4.389,-0.252,4.781,-2.96,2.463,-5.194,Synthetic calibration data — for prototype demonstration only.
-4.857,-1.48,0.584,-5.535,1.845,-1.932,1.866,Synthetic calibration data — for prototype demonstration only.
-3.043,0.088,-0.932,-4.872,5.398,2.982,4.515,Synthetic calibration data — for prototype demonstration only.
-3.456,-0.613,3.782,-4.362,-2.158,-1.58,0.446,Synthetic calibration data — for prototype demonstration only.
-2.404,1.268,4.917,-2.438,-5.272,-1.573,-2.945,Synthetic calibration data — for prototype demonstration only.
-1.013,-3.349,3.838,-1.369,-3.636,-2.857,1.523,Synthetic calibration data — for prototype demonstration only.
0.309,-2.178,3.343,-1.342,-1.855,0.407,3.262,Synthetic calibration data — for prototype demonstration only.
0.385,4.187,1.111,-1.454,1.05,5.594,0.264,Synthetic calibration data — for prototype demonstration only.
1.642,-4.12,-7.284,4.918,3.524,-5.295,-0.851,Synthetic calibration data — for prototype demonstration only.
-0.122,3.524,-8.295,2.38,5.841,-0.499,-4.887,Synthetic calibration data — for prototype demonstration only.
2.165,1.414,4.838,0.744,-4.481,3.018,0.092,Synthetic calibration data — for prototype demonstration only.
2.199,-0.163,-4.707,2.681,4.432,1.547,1.349,Synthetic calibration data — for prototype demonstration only.
2.129,7.254,-5.71,3.055,4.109,4.429,-5.563,Synthetic calibration data — for prototype demonstration only.
2.811,1.182,4.532,0.674,-3.405,4.324,1.781,Synthetic calibration data — for prototype demonstration only.
-0.258,-3.284,4.139,-0.957,-3.743,-1.932,2.445,Synthetic calibration data — for prototype demonstration only.
-0.17,1.149,8.407,-3.548,-4.877,4.656,3.171,Synthetic calibration data — for prototype demonstration only.
-0.433,2.607,6.14,-3.602,-2.492,5.665,2.498,Synthetic calibration data — for prototype demonstration only.
-0.753,2.138,-0.688,1.326,-2.308,-2.41,-5.526,Synthetic calibration data — for prototype demonstration only.
1.76,-7.384,3.132,2.742,-5.482,-5.942,2.754,Synthetic calibration data — for prototype demonstration only.
3.588,-1.535,-5.556,5.386,3.078,-0.34,-0.167,Synthetic calibration data — for prototype demonstration only.
-0.444,0.748,2.327,-0.766,-2.104,0.261,-0.826,Synthetic calibration data — for prototype demonstration only.
1.126,8.397,-5.156,1.178,4.777,5.94,-5.055,Synthetic calibration data — for prototype demonstration only.
-1.421,0.758,2.931,-1.384,-3.832,-1.775,-2.55,Synthetic calibration data — for prototype demonstration only.
-2.864,-2.829,0.358,-3.906,3.169,-0.045,5.031,Synthetic calibration data — for prototype demonstration only.
-4.722,4.109,5.544,-5.609,-5.196,-1.161,-5.037,Synthetic calibration data — for prototype demonstration only.
-5.103,1.831,-6.484,-2.847,5.832,-3.492,-3.623,Synthetic calibration data — for prototype demonstration only.
0.787,1.758,-0.512,0.884,-0.024,0.965,-1.479,Synthetic calibration data — for prototype demonstration only.
3.952,-3.752,2.85,3.921,-4.337,-0.859,2.277,Synthetic calibration data — for prototype demonstration only.
2.863,3.722,-1.902,4.419,-1.565,0.813,-5.17,Synthetic calibration data — for prototype demonstration only.
-1.961,4.058,6.804,-3.956,-5.17,2.735,-2.543,Synthetic calibration data — for prototype demonstration only.
5.259,-1.363,6.114,2.685,-5.203,4.351,4.026,Synthetic calibration data — for prototype demonstration only.
-3.754,-6.557,7.673,-4.933,-5.715,-5.325,4.244,Synthetic calibration data — for prototype demonstration only.
-2.311,-2.694,1.894,-3.184,0.579,-0.885,3.546,Synthetic calibration data — for prototype demonstration only.
0.959,7.395,0.15,-0.133,0.008,5.869,-4.198,Synthetic calibration data — for prototype demonstration only.
4.732,-5.317,4.498,3.968,-5.379,-0.268,4.636,Synthetic calibration data — for prototype demonstration only.
0.259,-1.368,-4.02,1.983,2.223,-2.84,-0.977,Synthetic calibration data — for prototype demonstration only.
-1.719,1.725,-0.293,-1.601,0.257,-0.453,-2.077,Synthetic calibration data — for prototype demonstration only.
-2.891,2.664,2.111,-2.334,-2.99,-1.619,-4.201,Synthetic calibration data — for prototype demonstration only.
2.588,-5.942,-3.732,4.465,1.225,-4.395,2.326,Synthetic calibration data — for prototype demonstration only.
1.282,0.632,-1.672,4.172,-3.15,-4.193,-5.897,Synthetic calibration data — for prototype demonstration only.
-4.308,10.18,-0.744,-5.433,3.147,5.846,-5.461,Synthetic calibration data — for prototype demonstration only.
4.616,-2.9,4.682,2.977,-5.138,1.106,3.073,Synthetic calibration data — for prototype demonstration only.
1.263,-4.357,8.404,-1.69,-5.869,1.142,5.895,Synthetic calibration data — for prototype demonstration only.
-2.69,-3.352,3.659,-2.909,-3.726,-4.513,0.663,Synthetic calibration data — for prototype demonstration only.
